actinver_symbol,asset_type,score,category_rank,volatility_20d_ann,current_drawdown,weight,weight_pct
FIBRAMQ12,STOCK,0.792099522649765,6.0,0.1156740079376048,-0.0020616654092144,0.15,15.0
VGT,ETF,0.7239336714177572,1.0,0.1450413695612019,0.0,0.12009641443364087,12.009641443364087
TX,STOCK,0.9341141290836232,1.0,0.208347144031811,0.0,0.11302490482543617,11.302490482543618
QQQ,ETF,0.5980581309815975,2.0,0.1360064900956026,0.0,0.10580517815159933,10.580517815159933
ACTI500B,FUND,0.3713306540674286,1.0,0.0889353991323138,-0.0011925267642167,0.1,10.0
MSFT,STOCK,0.7965226836355553,5.0,0.2254123412386681,-0.0649452992135118,0.08908041241212006,8.908041241212006
TGT,STOCK,0.812530884082174,4.0,0.2370671777152594,0.0,0.08640327585741948,8.640327585741948
TSMN,STOCK,0.9149342679822275,2.0,0.2767817313811503,0.0,0.08333246581321395,8.333246581321395
NVDA,STOCK,0.8244366371905923,3.0,0.2659134941886013,0.0,0.07815894109181024,7.8158941091810235
EWZ,ETF,0.5908299060989215,3.0,0.1918566038550885,-0.0268357423755727,0.07409840741475977,7.4098407414759775
