date,asset_id,actinver_symbol,asset_type,close,adjusted_close,volume,pending_rejections,invalid_observation,invalid_history_252d,return_1d,momentum_5d,momentum_20d,momentum_60d,volatility_20d_ann,rolling_max_252d,current_drawdown,zero_volume,zero_volume_rate_20d,extreme_return,extreme_return_60d,stale_days,freshness_limit,fresh_data,factors_complete,factors_finite,data_quality_ok,liquidity_ok,competition_eligible,eligible,z_momentum_5d,z_momentum_20d,z_momentum_60d,z_volatility_20d_ann,z_current_drawdown,momentum_factor,score,category_rank,category_percentile
2026-10-05,61,DIABLOI10,ETF,10.779999732971191,10.779999732971191,55047,0,False,0.0,-0.004616822815059929,0.002790672834529495,0.007476628517019579,0.052734372453414835,0.11056404159700838,10.960000038146973,-0.01642338545157651,0,0.0,0,0.0,0,4,True,True,True,True,True,True,True,0.8635856172976086,0.886478750997389,1.0744648502961904,-0.6447798948834135,0.8675792908497736,0.941509739530396,0.8179563084211943,1.0,1.0
2026-10-05,132,NAFTRACISHRS,ETF,64.66000366210938,64.66000366210938,1474560,0,False,0.0,0.007479017679201894,0.0018910952783617319,0.0034443421609573477,-0.01763708498487815,0.12046103811196288,70.1181869506836,-0.07784261866914977,0,0.0,0,0.0,0,4,True,True,True,True,True,True,True,0.23203315589124834,0.19755432611094376,-0.1709757335935396,-0.5071847420019868,0.2261191593098682,0.08620391613621751,0.27316927248269085,2.0,0.6666666666666666
2026-10-05,32,ANGELD10,ETF,24.549999237060547,24.549999237060547,60664,0,False,0.0,0.011953792474967306,0.0,-0.004056810670072131,-0.0590264816604299,0.23980096598564257,30.850000381469727,-0.2042139729824224,0,0.0,0,0.0,0,4,True,True,True,True,True,True,True,-1.0956187731888571,-1.0840330771083329,-0.9034891167026508,1.1519646368854002,-1.0936984501596416,-1.0277136556666135,-1.0911255809038851,3.0,0.3333333333333333
2026-10-02,8,ACTI500B,FUND,9.454429626464844,9.454429626464844,0,0,False,0.0,0.013308240712130548,0.02777271512424373,0.0767296668560471,0.06610350885343275,0.09587639392443104,9.454429626464844,0.0,1,1.0,0,0.0,3,7,True,True,True,True,True,True,True,0.8293206087864713,1.0169492512192795,1.9985699526416763,0.742238762889585,0.4663998687085543,1.2816132708824757,0.3352581255671483,1.0,1.0
2026-10-02,19,ACTIRVTB,FUND,1.2810200452804565,1.2810200452804565,0,0,False,0.0,0.007843962957474693,0.017667934540294583,0.04488616198398532,0.036935784905090197,0.04701837424711616,1.2810200452804565,0.0,1,1.0,0,0.0,3,7,True,True,True,True,True,True,True,0.20272933314722466,0.19768897463278332,0.5197879875541019,-0.09344651328731597,0.4663998687085543,0.30673543177803664,0.2888606045913023,2.0,0.9375
2026-10-02,186,TEMATIKB,FUND,15.22681999206543,15.22681999206543,0,0,False,0.0,0.010641484305965898,0.0259408899420579,0.07062615271086758,0.05336694911088946,0.08851630392994152,15.22681999206543,0.0,1,1.0,0,0.0,3,7,True,True,True,True,True,True,True,0.7157302474601563,0.8599198442234283,1.352835822755833,0.6163491161058116,0.4663998687085543,0.9761619714798059,0.2754042413608495,3.0,0.875
2026-10-02,7,ACTDUALB,FUND,0.21031999588012695,0.21031999588012695,0,0,False,0.0,0.00530568535478837,0.013736906988082165,0.03662084045959535,0.025600974857242997,0.03638086242219466,0.21031999588012695,0.0,1,1.0,0,0.0,3,7,True,True,True,True,True,True,True,-0.04103128570543706,-0.014958773325672227,-0.054878472747554335,-0.2753943708950627,0.4663998687085543,-0.036956177259554544,0.23494602078135413,4.0,0.8125
2026-10-02,119,MAXIMOB,FUND,1.2124700546264648,1.2124700546264648,0,0,False,0.0,0.004973220965863279,0.013643865831415969,0.034954640189461594,0.021354281520792107,0.03571945305454513,1.2124700546264648,0.0,1,1.0,0,0.0,3,7,True,True,True,True,True,True,True,-0.04680071103417966,-0.05782628114689566,-0.2701826743480365,-0.28670735643399203,0.4663998687085543,-0.12493655550970395,0.20939022321094747,5.0,0.75
2026-10-02,12,ACTIG+2B,FUND,1.6622899770736694,1.6622899770736694,0,0,False,0.0,0.0003550380756633942,0.0012588707774030539,0.004052919885149775,0.012202792484511837,0.0041072122736725974,1.6622899770736694,0.0,1,1.0,0,0.0,3,7,True,True,True,True,True,True,True,-0.8147866940258879,-0.8528566028788723,-0.734156379136097,-0.8274145799770732,0.4663998687085543,-0.8005998920136191,0.16440485222400278,6.0,0.6875
2026-10-02,15,ACTIMEDB,FUND,8.285240173339844,8.285240173339844,0,0,False,0.0,0.0004854039660786569,0.0007549690997159519,0.0032646475508677497,0.010523269521717005,0.00229345594886523,8.285240173339844,0.0,1,1.0,0,0.0,3,7,True,True,True,True,True,True,True,-0.8460333294570671,-0.8731370403873695,-0.8193069473371025,-0.858437725516433,0.4663998687085543,-0.8461591057271797,0.15955949616593587,7.0,0.625
2026-10-02,13,ACTIG+B,FUND,1.7717100381851196,1.7717100381851196,0,0,False,0.0,0.0005195744874788577,0.0013225489338053453,0.0037220738096157557,0.011151926958463898,0.003994056870731503,1.7717100381851196,0.0,1,1.0,0,0.0,3,7,True,True,True,True,True,True,True,-0.8108380504191334,-0.8613685128724033,-0.7874344816854824,-0.8293500309998998,0.4663998687085543,-0.819880348325673,0.15862318379426035,8.0,0.5625
2026-10-02,14,ACTIGOBB,FUND,7.030010223388672,7.030010223388672,0,0,False,0.0,0.00030735890496091933,0.0008428722174218528,0.0029246242587079863,0.009326566333732078,0.0018839288357696124,7.030010223388672,0.0,1,1.0,0,0.0,3,7,True,True,True,True,True,True,True,-0.8405825107877832,-0.8818850590963611,-0.8799789111519368,-0.865442425683766,0.4663998687085543,-0.8674821603453604,0.1547867113489866,9.0,0.5
2026-10-02,27,ALTERNB,FUND,6.541170120239258,6.541170120239258,0,0,False,0.0,0.0008507118838758654,0.0008277835260719346,0.003130012559392048,0.009999399205537607,0.003978459953822099,6.541170120239258,0.0,1,1.0,0,0.0,3,7,True,True,True,True,True,True,True,-0.8415181513276372,-0.876600889633794,-0.8458667837159312,-0.8296168063195101,0.4663998687085543,-0.8546619415591209,0.1471182444896478,10.0,0.4375
2026-10-02,151,PROTEGEB-1,FUND,22.15904998779297,22.15904998779297,0,0,False,0.0,0.0007103679175211042,0.0011543968767515622,0.0033583680849493813,0.010376389365766236,0.005179011956616282,22.15904998779297,0.0,1,1.0,0,0.0,3,7,True,True,True,True,True,True,True,-0.8212650568301441,-0.8707258262015556,-0.8267536622756396,-0.8090821297475568,0.4663998687085543,-0.8395815151024464,0.1453001611178882,11.0,0.375
2026-10-02,18,ACTIRENB,FUND,10.769720077514648,10.769720077514648,0,0,False,0.0,-2.045496626656984e-05,0.00023126130233142028,0.0009675628884855403,0.0029773485087545293,0.000658376647250648,10.769940376281738,-2.045496626656984e-05,1,1.0,0,0.0,3,7,True,True,True,True,True,True,True,-0.8785081302802183,-0.9322357552872159,-1.2018795444895918,-0.8864047144931751,0.46361408028202017,-1.0042078100190086,0.11527032825206227,12.0,0.3125
2026-10-02,162,ROBOTIKB,FUND,2.014039993286133,2.014039993286133,0,0,False,0.0,0.021080255676924953,0.054129036935526065,0.13187104502329894,0.057438695126917017,0.16157017137637528,2.0202200412750244,-0.003059096466041966,1,1.0,0,0.0,3,7,True,True,True,True,True,True,True,2.4636600353270572,2.43561032229686,1.5592703250016238,1.8658889418288276,0.04977754727852394,2.1528468942085137,0.1122451665527367,13.0,0.25
2026-10-02,10,ACTICOBB,FUND,24.65069007873535,24.65069007873535,0,0,False,0.0,0.011927677109214052,0.032893721539912324,0.07737947270009671,0.042696964438182716,0.08734577781536748,24.934900283813477,-0.011398088696693898,1,1.0,0,0.0,3,7,True,True,True,True,True,True,True,1.146871090550272,1.0336672638143904,0.8118755157499038,0.5963280132082609,-1.0859206368380192,0.9974712900381887,-0.2282591200026971,14.0,0.1875
2026-10-02,17,ACTIPLUB,FUND,1.1570899486541748,1.1570899486541748,0,0,False,0.0,0.012238583763217514,0.0321115096840463,0.07072526431477266,0.035751690821359094,0.0850383529469788,1.1865999698638916,-0.024869393189940636,1,1.0,0,0.0,3,7,True,True,True,True,True,True,True,1.098366610862136,0.8624697582594125,0.45975529597043274,0.5568609819791552,-2.9205950947929065,0.8068638883639938,-0.8901973961360226,15.0,0.125
2026-10-02,165,SALUDB,FUND,5.125949859619141,5.125949859619141,0,0,False,0.0,-0.005347856813858742,0.006088344021526471,0.030022820735680966,0.02112795930495004,0.18014682963020667,5.206369876861572,-0.015446466375706125,1,1.0,0,0.0,3,7,True,True,True,True,True,True,True,-0.5153140062658296,-0.18471067361601434,-0.28165704278619924,2.183630837342145,-1.6372744517237163,-0.32722724088934774,-1.382710843318403,16.0,0.0625
2026-10-05,130,MSFT,STOCK,9533.830078125,9533.830078125,5501,0,False,0.0,0.018657570234700493,0.042470456202996054,0.1293852335129797,0.416773923902388,0.2065770077102444,10009.2646484375,-0.04749945046030113,0,0.0,0,0.0,0,4,True,True,True,True,True,True,True,0.3869915693323968,0.48068537636603426,1.950316452117413,-0.910134310418089,0.7087451618503636,0.9393311326052812,0.8527368682912446,1.0,1.0
2026-10-05,194,TSMN,STOCK,8798.5703125,8798.5703125,5968,0,False,0.0,0.02063175218380242,0.08385741359743171,0.21468509680622838,0.15473631669462495,0.2678545434590556,8798.5703125,0.0,0,0.0,0,0.0,0,4,True,True,True,True,True,True,True,1.0610235855109722,1.1117888937197888,0.45133345406832065,-0.5841227331844949,0.9368996583203506,0.874715311099694,0.7985792342015131,2.0,0.9722222222222222
2026-10-05,138,NVDA,STOCK,4331.85009765625,4331.85009765625,21225,0,False,0.0,0.0176592834722904,0.0575547458263761,0.11351653739109446,0.1811298101565968,0.26972178460113755,4331.85009765625,0.0,0,0.0,0,0.0,0,4,True,True,True,True,True,True,True,0.6326557782417324,0.36327850662803424,0.6023171177500258,-0.5741885505779858,0.9368996583203506,0.5327504675399308,0.6812795588127557,3.0,0.9444444444444444
2026-10-05,108,KO,STOCK,1563.6199951171875,1563.6199951171875,242,0,False,0.0,0.004251763081045246,0.0023205096905047906,0.04713130081948824,0.06696694155260108,0.15981166618965686,1581.0,-0.010993045466674567,0,0.0,0,0.0,0,4,True,True,True,True,True,True,True,-0.26689436722874055,-0.12788237784688586,-0.05075020670550105,-1.1589374413320177,0.8840966736791487,-0.1485089839270425,0.6315083770280412,4.0,0.9166666666666666
2026-10-05,3,AAPL,STOCK,6022.52978515625,6022.52978515625,7131,0,False,0.0,-0.006882977545618285,-0.0074934434482119006,0.08551601641474371,0.09528546006081107,0.22883031646180413,6068.0,-0.0074934434482119006,0,0.0,0,0.0,0,4,True,True,True,True,True,True,True,-0.4267253632047971,0.15611255590239936,0.11124553972981345,-0.7917412289061113,0.9009063404990844,-0.053122422524194766,0.5465083822936669,5.0,0.8888888888888888
2026-10-05,31,AMZN,STOCK,4557.52978515625,4557.52978515625,8243,0,False,0.0,-0.0022812004752028603,0.03265265164707598,0.041873537523180016,0.05354240391969545,0.19088624421484146,4944.169921875,-0.07820122342642355,0,0.0,0,0.0,0,4,True,True,True,True,True,True,True,0.22709784880092052,-0.1667827087689428,-0.12754511367639476,-0.9936130354129147,0.5612750862191537,-0.02240999121480568,0.5108260434724208,6.0,0.8611111111111112
2026-10-05,146,PFE,STOCK,496.6700134277344,496.6700134277344,427,0,False,0.0,-0.016475528163992226,-0.03746121428733651,0.027451426766239573,0.17515324758371587,0.22135956177962382,522.969970703125,-0.05028961269043941,0,0.05,0,0.0,0,4,True,True,True,True,True,True,True,-0.9147833957527127,-0.2734868050589884,0.5681282630318484,-0.8314874831785852,0.6953431529319906,-0.20671397925995094,0.44003888561687493,7.0,0.8333333333333334
2026-10-05,150,PLTR,STOCK,3420.0,3420.0,548,0,False,0.0,-0.003060778312199419,0.01183431952662728,0.16404528404989427,0.5462378920075521,0.4322314194927959,3824.6298828125,-0.10579582736380999,0,0.0,0,0.0,0,4,True,True,True,True,True,True,True,-0.1119515342906672,0.7371228307885077,2.690913533267457,0.2904027182984369,0.4287297008386423,1.1053616099217658,0.4145628641539904,8.0,0.8055555555555556
2026-10-02,166,SBUX,STOCK,1726.0,1726.0,89,0,False,0.0,-0.0023121387283236983,0.033532934131736525,-0.0411111111111111,-0.06917394852126257,0.1618695693215027,1886.3662109375,-0.08501329699804161,0,0.0,0,0.0,3,4,True,True,True,True,True,True,True,0.2414342150210236,-0.7807567717685455,-0.829542540121169,-1.1479888899973627,0.5285545978642834,-0.45628836562289693,0.40675170741291633,9.0,0.7777777777777778
2026-10-02,195,TWLO,STOCK,5363.89990234375,5363.89990234375,210,0,False,0.0,0.024812643893585173,0.09467344945790823,0.3235732669759508,0.4063712381603959,0.6536824752938293,5363.89990234375,0.0,0,0.5,0,0.0,3,4,True,True,True,True,True,True,True,1.2371745982229365,1.9174139503049032,1.8908080127469902,1.4685768582913314,0.9368996583203506,1.6817988537582764,0.38337388459576516,10.0,0.75
2026-10-05,29,AMD,STOCK,11440.669921875,11440.669921875,1004,0,False,0.0,-0.005993272289676721,0.04989076525975,0.424150359889766,0.19350186264900504,0.5823365202495163,11509.650390625,-0.005993272289676721,0,0.0,0,0.0,0,4,True,True,True,True,True,True,True,0.5078394448243131,2.661548285959203,0.6730912960624793,1.088998811475296,0.9081121248182198,1.2808263422819983,0.36664655187497397,11.0,0.7222222222222222
2026-10-05,95,GOOGL,STOCK,6279.1201171875,6279.1201171875,11688,0,False,0.0,0.006216023604019849,0.022824583350301353,0.09771369506379424,0.008843950747259743,0.2591260257273283,6920.3720703125,-0.09266148504874294,0,0.0,0,0.0,0,4,True,True,True,True,True,True,True,0.06703697198695174,0.246358865823225,-0.3832420804535729,-0.6305605965525078,0.4918179940361204,-0.02328208088113204,0.36636550323583206,12.0,0.6944444444444444
2026-10-05,93,GME,STOCK,455.0,455.0,1058,0,False,0.0,0.01685068763444697,0.06308411214953269,0.38702593631255855,0.16505349015391246,0.5502569418978875,471.44000244140625,-0.03487188689179921,0,0.05,0,0.0,0,4,True,True,True,True,True,True,True,0.7227075763352118,2.386877807077431,0.5103527214482632,0.918327556379891,0.7693992405753839,1.2066460349536352,0.3525725730497093,13.0,0.6666666666666666
2026-10-05,115,LLY,STOCK,20705.009765625,20705.009765625,40,0,False,0.0,-0.007009221047165171,-0.02793381382042248,0.06870082407479106,-8.40418885146299e-05,0.23920507325667947,21750.0,-0.04804552801724138,0,0.05,0,0.0,0,4,True,True,True,True,True,True,True,-0.7596192244788382,0.03170289542919247,-0.43431455554728077,-0.7365449684041072,0.7061221830826115,-0.38741029486564216,0.35175228554035887,14.0,0.6388888888888888
2026-10-05,53,COST,STOCK,16672.640625,16672.640625,292,0,False,0.0,-0.0025342132814837326,0.0067982890404494345,0.07676016533614605,0.0421351949616493,0.22589108149798146,19040.26171875,-0.12434813810455514,0,0.05,0,0.0,0,4,True,True,True,True,True,True,True,-0.19396881692839973,0.09133111077708211,-0.19279991609010683,-0.807378682578268,0.3396172358650295,-0.09847920741380815,0.34950557034316304,15.0,0.6111111111111112
2026-10-02,74,FCX,STOCK,1308.0,1308.0,257,0,False,0.0,0.02668759811616961,0.033992094861660105,0.06775510204081625,0.22839837571454558,0.4215596807519037,1350.0,-0.03111111111111109,0,0.25,0,0.0,3,4,True,True,True,True,True,True,True,0.24891215135712225,0.024705832608252567,0.8727163816898587,0.23362644072414462,0.7874634054502291,0.3821114552184111,0.3119828066481652,16.0,0.5833333333333334
2026-10-02,225,XYZ,STOCK,1359.0,1359.0,0,0,False,0.0,0.0,0.0022123893805310324,-0.036170212765957444,-0.0007352941176470562,0.21550469290253174,1485.0,-0.08484848484848484,1,0.4,0,0.0,3,4,True,True,True,True,True,True,True,-0.2686552251199578,-0.7442008125427514,-0.4380400361350235,-0.8626368271231759,0.5293462414018373,-0.4836320245992442,0.3027836813085897,17.0,0.5555555555555556
2026-10-05,37,BAC,STOCK,978.5599975585938,978.5599975585938,7999,0,False,0.0,0.0011867946752166514,-0.017510042611853627,-0.07421879781859997,-0.06150256974606927,0.19288255830652418,1106.8988037109375,-0.11594447994891766,0,0.1,0,0.0,0,4,True,True,True,True,True,True,True,-0.589856672065636,-1.0257088352989465,-0.7856585095877504,-0.9829921529356724,0.37998259538866924,-0.8004080056507776,0.18752224755785465,18.0,0.5277777777777778
2026-10-02,217,WFC,STOCK,1464.030029296875,1464.030029296875,65,0,False,0.0,0.0013885289308310789,0.00967588227370686,-0.044366821607783935,-0.04343038499877727,0.21255146000462832,1723.394287109375,-0.15049618056209757,0,0.15,0,0.0,3,4,True,True,True,True,True,True,True,-0.14710405346513777,-0.8048446221660548,-0.682276792885102,-0.8783487532510523,0.2140201309982586,-0.5447418228387648,0.18254235380351536,19.0,0.5
2026-10-05,54,CRM,STOCK,4151.669921875,4151.669921875,391,0,False,0.0,-0.021711654255629487,0.010667337701478319,-0.05354747440161722,0.45539178028918115,0.40757555785109,4861.087890625,-0.14593810782935435,0,0.05,0,0.0,0,4,True,True,True,True,True,True,True,-0.13095711387344322,-0.8727690249270889,2.1712294377065655,0.15922746388194783,0.2359139588033143,0.38916776630201116,0.15528475374112588,20.0,0.4722222222222222
2026-10-05,131,MU,STOCK,19233.19921875,19233.19921875,3804,0,False,0.0,-0.014074920869869723,0.016903228844476148,0.12630354043274283,0.11208699473205797,0.4421084316626239,21025.84375,-0.08525910077924936,0,0.0,0,0.0,0,4,True,True,True,True,True,True,True,-0.029398783800354718,0.45788501928156816,0.20735851786948453,0.34295085484623367,0.5273739265641229,0.21194825111689933,0.13212377427826283,21.0,0.4444444444444444
2026-10-05,34,AVGO,STOCK,6561.08984375,6561.08984375,3254,0,False,0.0,0.015467825838554994,0.04714726249683121,0.08845773782344124,-0.06010809401274886,0.27596711178790795,8379.603515625,-0.21701667250534162,0,0.0,0,0.0,0,4,True,True,True,True,True,True,True,0.46315849181155877,0.17787731209809649,-0.7776814278332906,-0.5409618722917533,-0.10549828862916824,-0.04554854130787844,0.12997168078490218,22.0,0.4166666666666667
2026-10-05,145,PEP,STOCK,2267.360107421875,2267.360107421875,927,0,False,0.0,-0.012654399213449574,-0.016030872986804057,-0.02688407406786486,-0.055464168870931085,0.17786996615934397,2924.93994140625,-0.2248182346158617,0,0.05,0,0.0,0,4,True,True,True,True,True,True,True,-0.5657667715894944,-0.6754959568871985,-0.7511159096010995,-1.0628628393864055,-0.142971595325478,-0.6641262126925975,0.08525501045610998,23.0,0.3888888888888889
2026-10-02,57,CVS,STOCK,1557.0,1557.0,0,0,False,0.0,0.0,0.013203557976628089,-0.06054845208566162,-0.12387704825978418,0.2180759324671082,1908.521728515625,-0.18418534264685849,1,0.35,0,0.0,3,4,True,True,True,True,True,True,True,-0.08965198363059972,-0.9245667825169919,-1.1424709679235672,-0.8489571995786029,0.05220070493208862,-0.7188965780237195,0.06075377549565733,24.0,0.3611111111111111
2026-10-05,136,NUN,STOCK,275.8900146484375,275.8900146484375,254750,0,False,0.0,0.1310212886167541,0.2528495810225322,0.06562387467164732,0.14439195517252879,0.6531916429690066,322.3999938964844,-0.14426172496448686,0,0.0,0,0.0,0,4,True,True,True,True,True,True,True,3.0,0.008937635133666962,0.39215865770025177,1.465965509476186,0.2439661422437189,1.133698764277973,-0.029433534318164728,25.0,0.3333333333333333
2026-10-02,23,AFRM,STOCK,1270.0,1270.0,0,0,False,0.0,0.0,0.005144440047487153,0.007936507936507908,-0.14333895446880274,0.3789167630500159,1500.0,-0.15333333333333332,1,0.5,0,0.0,3,4,True,True,True,True,True,True,True,-0.22090356259132077,-0.41787078691809476,-1.2538025696268842,0.006755619501467173,0.20039241203189442,-0.6308589730454333,-0.14574072683833533,26.0,0.3055555555555556
2026-10-05,36,BABAN,STOCK,2008.8800048828125,2008.8800048828125,4325,0,False,0.0,0.04324887326171356,0.027554843631540038,0.05029589292010961,0.029445203822611843,0.31832278267554504,3480.764404296875,-0.4228624027518426,0,0.0,0,0.0,0,4,True,True,True,True,True,True,True,0.14407445130746369,-0.10446868023255304,-0.2653928586280406,-0.31561927484349556,-1.0942387578297346,-0.07526236251770997,-0.28462728183464964,27.0,0.2777777777777778
2026-10-05,101,INTC,STOCK,2103.010009765625,2103.010009765625,2272,0,False,0.0,-0.03169651900235371,0.011957740841524789,0.309201762588575,0.09424056201796693,0.8153362159803796,2448.52001953125,-0.14110973445574282,0,0.0,0,0.0,0,4,True,True,True,True,True,True,True,-0.1099414827440666,1.8110842726434428,0.10526821297275654,2.3286145592681544,0.25910612387364773,0.6021370009573775,-0.48912381147904305,28.0,0.25
2026-10-05,134,NFLX,STOCK,1219.6600341796875,1219.6600341796875,14945,0,False,0.0,0.0006563910848991217,-0.016704534595494813,-0.07916829025254946,-0.05290459066790931,0.35548335321077135,2288.547119140625,-0.46705924296735324,0,0.0,0,0.0,0,4,True,True,True,True,True,True,True,-0.5767380901138414,-1.0623283791479523,-0.7364738731033971,-0.1179158903479078,-1.3065297996674083,-0.7918467807883968,-0.6601535633692991,29.0,0.2222222222222222
2026-10-05,142,ORCL,STOCK,2591.639892578125,2591.639892578125,5276,0,False,0.0,0.0002740178068230126,0.08856297701860893,-0.031546439230510814,0.0541334693647737,0.46452174086924175,5722.3720703125,-0.547103917617752,0,0.0,0,0.0,0,4,True,True,True,True,True,True,True,1.1376588493648612,-0.7099911476147358,-0.12416393086699695,0.4621951781725917,-1.6910090360162382,0.10116792362770947,-0.6840120968537068,30.0,0.19444444444444445
2026-10-05,135,NKE,STOCK,611.469970703125,611.469970703125,3374,0,False,0.0,-0.004266566851378606,-0.0621770194556871,-0.05959521661276734,-0.20950008454714175,0.2682769453101634,1327.5303955078125,-0.5393928660524394,0,0.0,0,0.0,0,4,True,True,True,True,True,True,True,-1.3173074042303203,-0.9175141304190422,-1.6322765229495906,-0.5818754513376772,-1.6539704793573904,-1.2890326858663175,-0.7870425712953435,31.0,0.16666666666666666
2026-10-05,177,SPCE,STOCK,54.58000183105469,54.58000183105469,377,0,False,0.0,0.0012842324651811676,-0.03551861311386273,0.06643222949600225,0.20859171867739468,0.5180241804208316,131.63999938964844,-0.5853843658149803,0,0.0,0,0.0,0,4,True,True,True,True,True,True,True,-0.8831460039747069,0.014918366558363746,0.7594126369974479,0.7468413293422269,-1.8748818239842504,-0.03627166680629842,-0.8859982733775918,32.0,0.1388888888888889
2026-10-05,149,PINS,STOCK,362.5799865722656,362.5799865722656,2213,0,False,0.0,0.03891113631021659,0.09856082406432942,0.050925991447542174,-0.07974622697394507,0.6806272239862513,649.2999877929688,-0.44158325367491713,0,0.05,0,0.0,0,4,True,True,True,True,True,True,True,1.3004847594081546,-0.09980680409829683,-0.890021132564759,1.6119295553610686,-1.184160773231019,0.10355227424836622,-0.8975126847812405,33.0,0.1111111111111111
2026-10-05,160,RIOT,STOCK,346.8999938964844,346.8999938964844,1879,0,False,0.0,-0.027746620614316764,-0.11039881257316353,-0.05695259442550005,-0.05989161545668187,0.7218393096005371,502.489990234375,-0.3096380014760477,0,0.05,0,0.0,0,4,True,True,True,True,True,True,True,-2.102652220205817,-0.8979623035692392,-0.7764430648424038,1.8311879975946872,-0.5503870708973766,-1.2590191962058201,-1.2135314215659614,34.0,0.08333333333333333
2026-10-05,118,MARA,STOCK,201.75,201.75,62354,0,False,0.0,-0.014555735797039393,-0.07449885354341779,0.06290502394490782,-0.07466861840317884,0.6651393510385651,422.67999267578125,-0.5226885504496701,0,0.0,0,0.0,0,4,True,True,True,True,True,True,True,-1.5179819934256022,-0.011178179717127958,-0.8609747334641439,1.5295302580334729,-1.5737345044504627,-0.7967116355356247,-1.2999921326731867,35.0,0.05555555555555555
2026-10-02,80,FUBO,STOCK,165.0,165.0,30,0,False,0.0,0.03112108233080524,-0.04069767441860461,-0.2142857142857143,-0.06779661016949157,0.5418757347805139,900.0,-0.8166666666666667,0,0.5,0,0.0,3,4,True,True,True,True,True,True,True,-0.9674927004442799,-2.06201440759975,-0.8216634925528987,0.8737374709910637,-2.9858019795203403,-1.2837235335323094,-1.7144209946812379,36.0,0.027777777777777776
